last_name, first_name,player_id,year,pa,bip,ba,est_ba,est_ba_minus_ba_diff,slg,est_slg,est_slg_minus_slg_diff,woba,est_woba,est_woba_minus_woba_diff
Semien, Marcus,543760,2022,618,468,0.243,0.234,0.00899999999999998,0.415,0.375,0.03999999999999998,0.311,0.297,0.014000000000000012
Freeman, Freddie,518692,2022,616,458,0.33,0.32,0.010000000000000009,0.526,0.553,-0.027000000000000024,0.396,0.409,-0.012999999999999956
Turner, Trea,607208,2022,610,456,0.305,0.282,0.02300000000000002,0.482,0.442,0.03999999999999998,0.359,0.343,0.01599999999999996
Lindor, Francisco,596019,2022,609,431,0.268,0.255,0.013000000000000012,0.444,0.428,0.016000000000000014,0.342,0.335,0.007000000000000006
Olson, Matt,621566,2022,608,397,0.243,0.25,-0.007000000000000006,0.477,0.456,0.020999999999999963,0.345,0.344,0.0010000000000000009
Guerrero Jr., Vladimir,665489,2022,603,451,0.276,0.286,-0.009999999999999953,0.481,0.478,0.0030000000000000027,0.354,0.359,-0.0050000000000000044
Judge, Aaron,592450,2022,601,352,0.307,0.303,0.0040000000000000036,0.683,0.705,-0.02199999999999991,0.452,0.459,-0.007000000000000006
Riley, Austin,663586,2022,599,394,0.282,0.276,0.00599999999999995,0.553,0.551,0.0020000000000000018,0.386,0.385,0.0010000000000000009
Abreu, José,547989,2022,599,435,0.309,0.296,0.013000000000000012,0.449,0.483,-0.033999999999999975,0.364,0.372,-0.008000000000000007
Swanson, Dansby,621020,2022,598,392,0.286,0.258,0.02799999999999997,0.449,0.459,-0.010000000000000009,0.344,0.339,0.004999999999999949
Bichette, Bo,666182,2022,598,420,0.279,0.277,0.0020000000000000018,0.474,0.455,0.01899999999999996,0.344,0.338,0.00599999999999995
Cronenworth, Jake,630105,2022,597,402,0.243,0.22,0.022999999999999993,0.394,0.36,0.03400000000000003,0.324,0.306,0.018000000000000016
Alonso, Pete,624413,2022,594,412,0.267,0.263,0.0040000000000000036,0.503,0.483,0.020000000000000018,0.356,0.351,0.0050000000000000044
Hoskins, Rhys,656555,2022,589,377,0.25,0.244,0.006000000000000005,0.467,0.462,0.0050000000000000044,0.35,0.347,0.0030000000000000027
Mullins, Cedric,656775,2022,586,427,0.265,0.239,0.026000000000000023,0.409,0.354,0.05499999999999999,0.321,0.294,0.027000000000000024
Nimmo, Brandon,607043,2022,585,415,0.266,0.263,0.0030000000000000027,0.419,0.408,0.01100000000000001,0.341,0.339,0.0020000000000000018
Bell, Josh,605137,2022,583,414,0.279,0.279,0,0.45,0.436,0.014000000000000012,0.357,0.355,0.0020000000000000018
Seager, Corey,608369,2022,583,434,0.247,0.286,-0.03899999999999998,0.456,0.51,-0.05399999999999999,0.333,0.375,-0.04199999999999998
Goldschmidt, Paul,502671,2022,581,382,0.325,0.262,0.063,0.607,0.501,0.10599999999999998,0.434,0.374,0.06
Suárez, Eugenio,553993,2022,579,322,0.233,0.217,0.016000000000000014,0.456,0.45,0.006000000000000005,0.344,0.339,0.004999999999999949
Ramírez, José,608070,2022,575,450,0.28,0.26,0.020000000000000018,0.525,0.413,0.11200000000000004,0.369,0.326,0.04299999999999998
Yelich, Christian,592885,2022,575,360,0.26,0.268,-0.008000000000000007,0.394,0.425,-0.030999999999999972,0.333,0.349,-0.01599999999999996
Profar, Jurickson,595777,2022,574,413,0.24,0.251,-0.01100000000000001,0.397,0.358,0.039000000000000035,0.325,0.32,0.0050000000000000044
Schwarber, Kyle,656941,2022,572,323,0.214,0.239,-0.024999999999999994,0.485,0.54,-0.05500000000000005,0.342,0.374,-0.03199999999999997
Ohtani, Shohei,660271,2022,572,361,0.265,0.272,-0.007000000000000006,0.531,0.558,-0.027000000000000024,0.372,0.386,-0.014000000000000012
Soto, Juan,665742,2022,572,370,0.241,0.267,-0.026000000000000023,0.454,0.509,-0.05499999999999999,0.378,0.407,-0.02899999999999997
Hernández, César,514917,2022,569,416,0.25,0.248,0.0020000000000000018,0.324,0.33,-0.006000000000000005,0.287,0.291,-0.0040000000000000036
Rosario, Amed,642708,2022,566,446,0.277,0.27,0.007000000000000006,0.395,0.387,0.008000000000000007,0.307,0.305,0.0020000000000000018
García, Adolis,666969,2022,565,372,0.249,0.245,0.0040000000000000036,0.445,0.441,0.0040000000000000036,0.318,0.317,0.0010000000000000009
Cron, C.J.,543068,2022,564,373,0.266,0.247,0.019000000000000017,0.491,0.44,0.05099999999999999,0.346,0.323,0.022999999999999965
Bregman, Alex,608324,2022,564,407,0.266,0.256,0.010000000000000009,0.468,0.419,0.049000000000000044,0.366,0.353,0.013000000000000012
Walker, Christian,572233,2022,563,388,0.237,0.258,-0.02100000000000002,0.479,0.503,-0.02400000000000002,0.349,0.37,-0.02100000000000002
Verdugo, Alex,657077,2022,563,454,0.287,0.282,0.0050000000000000044,0.41,0.437,-0.027000000000000024,0.324,0.333,-0.009000000000000008
Edman, Tommy,669242,2022,561,420,0.267,0.261,0.006000000000000005,0.412,0.39,0.021999999999999964,0.322,0.313,0.009000000000000008
Bogaerts, Xander,593428,2022,557,392,0.318,0.261,0.056999999999999995,0.473,0.388,0.08499999999999996,0.373,0.324,0.04899999999999999
Santander, Anthony,623993,2022,557,396,0.254,0.262,-0.008000000000000007,0.462,0.468,-0.006000000000000005,0.345,0.354,-0.009000000000000008
Arozarena, Randy,668227,2022,555,374,0.27,0.238,0.03200000000000003,0.462,0.395,0.067,0.346,0.309,0.03699999999999998
Machado, Manny,592518,2022,555,390,0.303,0.267,0.035999999999999976,0.544,0.456,0.08800000000000002,0.388,0.343,0.044999999999999984
Happ, Ian,664023,2022,552,365,0.274,0.242,0.03200000000000003,0.456,0.387,0.069,0.347,0.312,0.034999999999999976
Arenado, Nolan,571448,2022,550,433,0.298,0.271,0.02699999999999997,0.548,0.456,0.09200000000000003,0.387,0.343,0.043999999999999984
Betts, Mookie,605141,2022,550,405,0.276,0.257,0.019000000000000017,0.556,0.474,0.08200000000000007,0.386,0.35,0.03600000000000003
Lowe, Nathaniel,663993,2022,548,384,0.304,0.286,0.018000000000000016,0.502,0.476,0.026000000000000023,0.371,0.354,0.017000000000000015
Pham, Tommy,502054,2022,540,340,0.247,0.242,0.0050000000000000044,0.391,0.394,-0.0030000000000000027,0.315,0.316,-0.0010000000000000009
Witt Jr., Bobby,677951,2022,540,391,0.247,0.253,-0.006000000000000005,0.438,0.439,-0.0010000000000000009,0.313,0.32,-0.007000000000000006
Rodgers, Brendan,663898,2022,539,402,0.267,0.262,0.0050000000000000044,0.405,0.399,0.006000000000000005,0.318,0.321,-0.0030000000000000027
Frazier, Adam,624428,2022,537,424,0.24,0.262,-0.02200000000000002,0.31,0.338,-0.028000000000000025,0.277,0.299,-0.021999999999999964
Bohm, Alec,664761,2022,534,408,0.294,0.299,-0.0050000000000000044,0.41,0.447,-0.03700000000000003,0.319,0.34,-0.02100000000000002
Castellanos, Nick,592206,2022,531,377,0.265,0.251,0.014000000000000012,0.397,0.399,-0.0020000000000000018,0.307,0.304,0.0030000000000000027
Arraez, Luis,650333,2022,530,440,0.316,0.281,0.034999999999999976,0.429,0.404,0.024999999999999967,0.354,0.331,0.022999999999999965
Devers, Rafael,646240,2022,529,388,0.29,0.279,0.010999999999999954,0.533,0.506,0.027000000000000024,0.373,0.361,0.01200000000000001
Chapman, Matt,656305,2022,528,322,0.235,0.244,-0.009000000000000008,0.451,0.459,-0.008000000000000007,0.337,0.35,-0.012999999999999956
Kwan, Steven,680757,2022,528,418,0.287,0.262,0.024999999999999967,0.374,0.329,0.044999999999999984,0.33,0.308,0.02200000000000002
Murphy, Sean,669221,2022,526,361,0.251,0.256,-0.0050000000000000044,0.439,0.454,-0.015000000000000013,0.335,0.349,-0.013999999999999957
Blackmon, Charlie,453568,2022,525,394,0.262,0.26,0.0020000000000000018,0.42,0.387,0.032999999999999974,0.317,0.308,0.009000000000000008
Altuve, Jose,514888,2022,523,379,0.287,0.265,0.021999999999999964,0.516,0.436,0.08000000000000002,0.385,0.35,0.03500000000000003
Mountcastle, Ryan,663624,2022,523,359,0.247,0.275,-0.028000000000000025,0.432,0.507,-0.07500000000000001,0.313,0.357,-0.043999999999999984
LeMahieu, DJ,518934,2022,523,384,0.262,0.274,-0.01200000000000001,0.381,0.406,-0.025000000000000022,0.331,0.345,-0.013999999999999957
Crawford, J.P.,641487,2022,522,397,0.252,0.261,-0.009000000000000008,0.348,0.342,0.00599999999999995,0.305,0.312,-0.007000000000000006
Rodríguez, Julio,677594,2022,522,340,0.273,0.248,0.025000000000000022,0.479,0.45,0.02899999999999997,0.35,0.331,0.01899999999999996
Tucker, Kyle,663656,2022,522,384,0.256,0.266,-0.010000000000000009,0.468,0.484,-0.01599999999999996,0.345,0.358,-0.013000000000000012
France, Ty,664034,2022,521,393,0.276,0.262,0.014000000000000012,0.44,0.404,0.035999999999999976,0.34,0.322,0.018000000000000016
Benintendi, Andrew,643217,2022,521,390,0.304,0.273,0.030999999999999972,0.399,0.407,-0.007999999999999952,0.342,0.334,0.008000000000000007
Adames, Willy,642715,2022,520,342,0.229,0.234,-0.0050000000000000044,0.453,0.446,0.007000000000000006,0.319,0.32,-0.0010000000000000009
Flores, Wilmer,527038,2022,519,374,0.235,0.237,-0.0020000000000000018,0.409,0.375,0.033999999999999975,0.32,0.311,0.009000000000000008
Martinez, J.D.,502110,2022,518,342,0.275,0.267,0.008000000000000007,0.43,0.469,-0.03899999999999998,0.338,0.353,-0.014999999999999958
Tellez, Rowdy,642133,2022,516,350,0.224,0.256,-0.032,0.457,0.489,-0.03199999999999997,0.329,0.355,-0.025999999999999968
Díaz, Yandy,650490,2022,514,383,0.293,0.288,0.0050000000000000044,0.422,0.423,-0.0010000000000000009,0.365,0.366,-0.0010000000000000009
Mancini, Trey,641820,2022,513,340,0.253,0.251,0.0020000000000000018,0.405,0.415,-0.009999999999999953,0.324,0.33,-0.006000000000000005
McMahon, Ryan,641857,2022,513,318,0.246,0.25,-0.0040000000000000036,0.404,0.42,-0.01599999999999996,0.324,0.333,-0.009000000000000008
Reynolds, Bryan,668804,2022,511,339,0.256,0.243,0.013000000000000012,0.445,0.395,0.04999999999999999,0.338,0.316,0.02200000000000002
McCutchen, Andrew,457705,2022,510,361,0.244,0.255,-0.01100000000000001,0.394,0.411,-0.01699999999999996,0.311,0.323,-0.01200000000000001
Straw, Myles,664702,2022,509,389,0.201,0.231,-0.03,0.249,0.295,-0.045999999999999985,0.24,0.271,-0.031000000000000028
Varsho, Daulton,662139,2022,506,342,0.243,0.223,0.01999999999999999,0.46,0.411,0.049000000000000044,0.332,0.311,0.02100000000000002
Báez, Javier,595879,2022,505,351,0.233,0.226,0.007000000000000006,0.374,0.362,0.01200000000000001,0.284,0.279,0.004999999999999949
Marte, Starling,516782,2022,505,369,0.292,0.276,0.01599999999999996,0.468,0.428,0.040000000000000036,0.355,0.336,0.01899999999999996
Hays, Austin,669720,2022,504,364,0.245,0.242,0.0030000000000000027,0.411,0.382,0.02899999999999997,0.31,0.302,0.008000000000000007
Gurriel, Yuli,493329,2022,504,406,0.242,0.237,0.0050000000000000044,0.362,0.318,0.043999999999999984,0.288,0.272,0.01599999999999996
Winker, Jesse,608385,2022,501,328,0.221,0.248,-0.026999999999999996,0.35,0.405,-0.05500000000000005,0.315,0.346,-0.030999999999999972
Torres, Gleyber,650402,2022,500,352,0.238,0.231,0.0069999999999999785,0.413,0.409,0.0040000000000000036,0.306,0.301,0.0050000000000000044
Cruz, Nelson,443558,2022,500,329,0.238,0.243,-0.0050000000000000044,0.342,0.402,-0.06,0.295,0.322,-0.027000000000000024
Correa, Carlos,621043,2022,494,338,0.28,0.275,0.0050000000000000044,0.457,0.488,-0.030999999999999972,0.355,0.365,-0.010000000000000009
Marte, Ketel,606466,2022,494,350,0.241,0.25,-0.009000000000000008,0.401,0.374,0.027000000000000024,0.316,0.315,0.0010000000000000009
Smith, Will,669257,2022,494,355,0.263,0.262,0.0010000000000000009,0.47,0.489,-0.019000000000000017,0.355,0.362,-0.007000000000000006
Kim, Ha-Seong,673490,2022,494,357,0.252,0.246,0.006000000000000005,0.377,0.359,0.018000000000000016,0.312,0.305,0.007000000000000006
McNeil, Jeff,643446,2022,493,398,0.318,0.273,0.044999999999999984,0.449,0.374,0.07500000000000001,0.356,0.311,0.044999999999999984
Gurriel Jr., Lourdes,666971,2022,493,372,0.291,0.273,0.01799999999999996,0.4,0.4,0,0.327,0.321,0.006000000000000005
Drury, Brandon,592273,2022,492,345,0.262,0.241,0.02100000000000002,0.496,0.42,0.07600000000000001,0.35,0.316,0.033999999999999975
Rizzo, Anthony,519203,2022,489,323,0.225,0.237,-0.011999999999999983,0.493,0.462,0.030999999999999972,0.357,0.352,0.0050000000000000044
Merrifield, Whit,593160,2022,489,379,0.233,0.242,-0.00899999999999998,0.336,0.358,-0.021999999999999964,0.274,0.291,-0.01699999999999996
Farmer, Kyle,571657,2022,488,364,0.266,0.263,0.0030000000000000027,0.391,0.38,0.01100000000000001,0.317,0.314,0.0030000000000000027
Springer, George,543807,2022,486,349,0.264,0.258,0.006000000000000005,0.456,0.408,0.04800000000000004,0.346,0.33,0.01599999999999996
Grisham, Trent,663757,2022,486,295,0.191,0.208,-0.016999999999999987,0.36,0.365,-0.0050000000000000044,0.293,0.304,-0.01100000000000001
Vaughn, Andrew,683734,2022,486,374,0.289,0.263,0.025999999999999968,0.454,0.418,0.03600000000000003,0.344,0.324,0.019999999999999962
Kemp, Tony,643393,2022,482,374,0.23,0.215,0.015000000000000013,0.309,0.283,0.026000000000000023,0.277,0.264,0.013000000000000012
Hayes, Ke'Bryan,663647,2022,481,327,0.242,0.244,-0.0020000000000000018,0.343,0.35,-0.006999999999999951,0.294,0.3,-0.006000000000000005
Andrus, Elvis,462101,2022,480,366,0.251,0.241,0.010000000000000009,0.404,0.346,0.05800000000000005,0.313,0.288,0.025000000000000022
Realmuto, J.T.,592663,2022,479,328,0.273,0.268,0.0050000000000000044,0.464,0.448,0.016000000000000014,0.35,0.346,0.0040000000000000036
Alvarez, Yordan,670541,2022,479,314,0.29,0.324,-0.03400000000000003,0.583,0.649,-0.06600000000000006,0.41,0.453,-0.04300000000000004
Bellinger, Cody,641355,2022,478,308,0.197,0.209,-0.011999999999999983,0.378,0.354,0.02400000000000002,0.278,0.278,0
Voit, Luke,572228,2022,477,272,0.229,0.229,0,0.413,0.452,-0.039000000000000035,0.322,0.337,-0.015000000000000013
Hoerner, Nico,663538,2022,475,392,0.287,0.272,0.014999999999999958,0.416,0.368,0.04799999999999999,0.327,0.304,0.02300000000000002
Yastrzemski, Mike,573262,2022,474,294,0.21,0.214,-0.0040000000000000036,0.372,0.372,0,0.303,0.309,-0.006000000000000005
Muncy, Max,571970,2022,473,275,0.197,0.203,-0.006000000000000005,0.391,0.411,-0.019999999999999962,0.317,0.332,-0.015000000000000013
Grichuk, Randal,545341,2022,473,332,0.271,0.233,0.038000000000000006,0.429,0.373,0.055999999999999994,0.323,0.286,0.03700000000000003
Kirk, Alejandro,672386,2022,472,365,0.298,0.284,0.014000000000000012,0.439,0.444,-0.0050000000000000044,0.36,0.358,0.0020000000000000018
Aguilar, Jesús,542583,2022,472,325,0.23,0.241,-0.010999999999999982,0.376,0.398,-0.02200000000000002,0.285,0.301,-0.016000000000000014
Peña, Jeremy,665161,2022,472,327,0.25,0.24,0.010000000000000009,0.409,0.379,0.02999999999999997,0.301,0.29,0.01100000000000001
Wisdom, Patrick,621550,2022,471,256,0.217,0.194,0.022999999999999993,0.438,0.39,0.04799999999999999,0.326,0.303,0.02300000000000002
Ozuna, Marcell,542303,2022,471,329,0.22,0.255,-0.035,0.399,0.477,-0.07799999999999996,0.29,0.336,-0.04600000000000004
Ward, Taylor,621493,2022,471,312,0.266,0.253,0.013000000000000012,0.444,0.451,-0.007000000000000006,0.349,0.349,0
Brown, Seth,664913,2022,469,307,0.231,0.255,-0.023999999999999994,0.441,0.452,-0.01100000000000001,0.317,0.334,-0.017000000000000015
Giménez, Andrés,665926,2022,468,329,0.3,0.26,0.03999999999999998,0.473,0.415,0.057999999999999996,0.367,0.333,0.033999999999999975
Espinal, Santiago,669289,2022,467,364,0.268,0.266,0.0020000000000000018,0.376,0.352,0.02400000000000002,0.308,0.301,0.007000000000000006
Turner, Justin,457759,2022,466,339,0.275,0.264,0.01100000000000001,0.434,0.423,0.01100000000000001,0.34,0.337,0.0030000000000000027
Estrada, Thairo,642731,2022,464,348,0.257,0.249,0.008000000000000007,0.398,0.357,0.041000000000000036,0.313,0.3,0.013000000000000012
Kiner-Falefa, Isiah,643396,2022,464,368,0.271,0.259,0.01200000000000001,0.336,0.33,0.006000000000000005,0.29,0.285,0.0050000000000000044
Donaldson, Josh,518626,2022,462,282,0.223,0.22,0.0030000000000000027,0.384,0.381,0.0030000000000000027,0.307,0.306,0.0010000000000000009
Contreras, Willson,575929,2022,462,299,0.246,0.254,-0.008000000000000007,0.471,0.463,0.007999999999999952,0.359,0.363,-0.0040000000000000036
Mateo, Jorge,622761,2022,459,302,0.224,0.225,-0.0010000000000000009,0.392,0.349,0.04300000000000004,0.288,0.276,0.011999999999999955
Thomas, Lane,657041,2022,458,313,0.253,0.222,0.031,0.422,0.361,0.061,0.318,0.286,0.03200000000000003
Escobar, Eduardo,500871,2022,455,316,0.235,0.243,-0.008000000000000007,0.42,0.417,0.0030000000000000027,0.303,0.309,-0.006000000000000005
Walsh, Jared,665120,2022,454,285,0.215,0.221,-0.006000000000000005,0.374,0.368,0.006000000000000005,0.278,0.28,-0.0020000000000000018
Canha, Mark,592192,2022,453,315,0.272,0.249,0.02300000000000002,0.422,0.368,0.05399999999999999,0.351,0.326,0.024999999999999967
Urshela, Gio,570482,2022,453,342,0.267,0.264,0.0030000000000000027,0.416,0.42,-0.0040000000000000036,0.316,0.319,-0.0030000000000000027
Pollock, AJ,572041,2022,452,336,0.249,0.255,-0.006000000000000005,0.39,0.412,-0.021999999999999964,0.301,0.315,-0.014000000000000012
Schoop, Jonathan,570731,2022,452,333,0.2,0.228,-0.027999999999999997,0.315,0.34,-0.025000000000000022,0.24,0.267,-0.027000000000000024
Acuña Jr., Ronald,660670,2022,452,289,0.27,0.273,-0.0030000000000000027,0.405,0.487,-0.08199999999999996,0.337,0.37,-0.032999999999999974
Joe, Connor,656582,2022,451,298,0.242,0.244,-0.0020000000000000018,0.357,0.343,0.013999999999999957,0.316,0.315,0.0010000000000000009
Iglesias, José,578428,2022,451,372,0.3,0.269,0.030999999999999972,0.392,0.326,0.066,0.321,0.284,0.03700000000000003
Lopez, Nicky,670032,2022,450,357,0.238,0.249,-0.01100000000000001,0.287,0.319,-0.03200000000000003,0.262,0.28,-0.018000000000000016
Dozier, Hunter,641531,2022,449,306,0.237,0.243,-0.006000000000000005,0.382,0.387,-0.0050000000000000044,0.297,0.303,-0.006000000000000005
Kepler, Max,596146,2022,445,326,0.227,0.267,-0.04000000000000001,0.349,0.413,-0.064,0.299,0.34,-0.041000000000000036
Hernández, Teoscar,606192,2022,445,283,0.263,0.255,0.008000000000000007,0.476,0.471,0.0050000000000000044,0.342,0.337,0.0050000000000000044
Polanco, Jorge,593871,2022,445,284,0.235,0.248,-0.013000000000000012,0.405,0.451,-0.045999999999999985,0.333,0.358,-0.024999999999999967
Rojas, Miguel,500743,2022,443,360,0.234,0.259,-0.024999999999999994,0.328,0.346,-0.01799999999999996,0.269,0.29,-0.020999999999999963
Rojas, Josh,668942,2022,441,309,0.272,0.241,0.031000000000000028,0.394,0.366,0.028000000000000025,0.329,0.308,0.02100000000000002
Melendez, MJ,669004,2022,438,272,0.219,0.233,-0.014000000000000012,0.392,0.391,0.0010000000000000009,0.31,0.325,-0.015000000000000013
Renfroe, Hunter,592669,2022,435,297,0.254,0.243,0.01100000000000001,0.497,0.452,0.044999999999999984,0.348,0.331,0.01699999999999996
Ruiz, Keibert,660688,2022,433,347,0.251,0.277,-0.026000000000000023,0.36,0.403,-0.04300000000000004,0.299,0.328,-0.029000000000000026
Perdomo, Geraldo,672695,2022,433,294,0.194,0.219,-0.024999999999999994,0.264,0.287,-0.022999999999999965,0.256,0.276,-0.020000000000000018
Carlson, Dylan,666185,2022,431,304,0.24,0.236,0.0040000000000000036,0.386,0.361,0.025000000000000022,0.309,0.303,0.006000000000000005
Odor, Rougned,596059,2022,425,286,0.2,0.202,-0.0020000000000000018,0.356,0.334,0.021999999999999964,0.272,0.27,0.0020000000000000018
Wong, Kolten,543939,2022,424,298,0.245,0.236,0.009000000000000008,0.414,0.342,0.07199999999999995,0.327,0.301,0.026000000000000023
Grossman, Robbie,543257,2022,421,248,0.208,0.208,0,0.299,0.306,-0.007000000000000006,0.281,0.286,-0.004999999999999949
Cooper, Garrett,643265,2022,421,269,0.261,0.259,0.0020000000000000018,0.412,0.435,-0.02300000000000002,0.329,0.341,-0.01200000000000001
Urías, Luis,649966,2022,420,272,0.223,0.228,-0.0050000000000000044,0.388,0.385,0.0030000000000000027,0.317,0.321,-0.0040000000000000036
Peralta, David,444482,2022,420,284,0.253,0.251,0.0020000000000000018,0.437,0.409,0.028000000000000025,0.323,0.316,0.007000000000000006
Santana, Carlos,467793,2022,419,288,0.198,0.249,-0.05099999999999999,0.36,0.423,-0.063,0.304,0.349,-0.044999999999999984
Lux, Gavin,666158,2022,418,293,0.293,0.256,0.03699999999999998,0.428,0.39,0.03799999999999998,0.35,0.329,0.020999999999999963
Miller, Owen,680911,2022,418,302,0.242,0.242,0,0.351,0.335,0.01599999999999996,0.284,0.285,-0.0010000000000000009
Candelario, Jeimer,600869,2022,414,284,0.205,0.228,-0.02300000000000002,0.357,0.383,-0.026000000000000023,0.274,0.295,-0.020999999999999963
Hosmer, Eric,543333,2022,414,312,0.267,0.256,0.01100000000000001,0.381,0.378,0.0030000000000000027,0.313,0.311,0.0020000000000000018
Vogelbach, Daniel,596129,2022,412,247,0.23,0.237,-0.0069999999999999785,0.422,0.43,-0.008000000000000007,0.34,0.348,-0.007999999999999952
Trout, Mike,545361,2022,412,243,0.28,0.26,0.020000000000000018,0.629,0.583,0.04600000000000004,0.418,0.395,0.022999999999999965
Naylor, Josh,647304,2022,411,318,0.265,0.261,0.0040000000000000036,0.457,0.44,0.017000000000000015,0.333,0.33,0.0030000000000000027
Rengifo, Luis,650859,2022,409,327,0.274,0.256,0.018000000000000016,0.43,0.387,0.04299999999999998,0.318,0.296,0.02200000000000002
Walls, Taylor,670764,2022,408,256,0.176,0.196,-0.020000000000000018,0.282,0.297,-0.015000000000000013,0.25,0.266,-0.016000000000000014
Urías, Ramón,602104,2022,405,287,0.249,0.25,-0.0010000000000000009,0.417,0.422,-0.0050000000000000044,0.312,0.318,-0.006000000000000005
Hicks, Aaron,543305,2022,403,252,0.211,0.216,-0.0050000000000000044,0.296,0.319,-0.02300000000000002,0.285,0.296,-0.01100000000000001
Reyes, Franmil,614177,2022,400,242,0.233,0.21,0.02300000000000002,0.388,0.375,0.013000000000000012,0.288,0.28,0.007999999999999952
Suzuki, Seiya,673548,2022,400,261,0.261,0.241,0.020000000000000018,0.429,0.407,0.02200000000000002,0.33,0.319,0.01100000000000001
Heim, Jonah,641680,2022,399,282,0.23,0.224,0.006000000000000005,0.402,0.36,0.04200000000000004,0.312,0.296,0.016000000000000014
Taylor, Michael A.,572191,2022,399,270,0.268,0.231,0.037000000000000005,0.384,0.371,0.013000000000000012,0.314,0.299,0.015000000000000013
Perez, Salvador,521692,2022,397,274,0.244,0.235,0.009000000000000008,0.458,0.455,0.0030000000000000027,0.316,0.314,0.0020000000000000018
Calhoun, Kole,594777,2022,395,241,0.204,0.23,-0.026000000000000023,0.348,0.396,-0.04800000000000004,0.27,0.302,-0.03199999999999997
Cabrera, Miguel,408234,2022,393,271,0.256,0.238,0.018000000000000016,0.317,0.334,-0.017000000000000015,0.275,0.278,-0.0030000000000000027
Story, Trevor,596115,2022,393,238,0.24,0.223,0.016999999999999987,0.438,0.4,0.03799999999999998,0.318,0.303,0.015000000000000013
Sánchez, Gary,596142,2022,392,244,0.215,0.22,-0.0050000000000000044,0.393,0.445,-0.05199999999999999,0.296,0.319,-0.02300000000000002
Marsh, Brandon,669016,2022,390,224,0.232,0.213,0.019000000000000017,0.367,0.358,0.009000000000000008,0.285,0.277,0.007999999999999952
Taylor, Chris,621035,2022,390,206,0.222,0.193,0.028999999999999998,0.376,0.334,0.04199999999999998,0.3,0.276,0.023999999999999966
Franco, Maikel,596748,2022,388,299,0.229,0.243,-0.013999999999999985,0.342,0.351,-0.008999999999999952,0.261,0.272,-0.01100000000000001
Miranda, Jose,669304,2022,387,281,0.277,0.253,0.02400000000000002,0.451,0.416,0.03500000000000003,0.341,0.318,0.02300000000000002
Donovan, Brendan,680977,2022,386,269,0.291,0.269,0.021999999999999964,0.388,0.361,0.027000000000000024,0.35,0.334,0.01599999999999996
Castro, Harold,605612,2022,384,297,0.276,0.277,-0.0010000000000000009,0.39,0.43,-0.03999999999999998,0.303,0.321,-0.018000000000000016
Robert, Luis,673357,2022,384,293,0.295,0.278,0.01699999999999996,0.444,0.461,-0.017000000000000015,0.336,0.336,0
Thomas, Alek,677950,2022,384,289,0.246,0.244,0.0020000000000000018,0.367,0.344,0.02300000000000002,0.289,0.284,0.0050000000000000044
Senzel, Nick,669222,2022,383,271,0.236,0.248,-0.01200000000000001,0.307,0.349,-0.04199999999999998,0.275,0.296,-0.020999999999999963
Stott, Bryson,681082,2022,383,285,0.235,0.242,-0.007000000000000006,0.365,0.352,0.013000000000000012,0.292,0.291,0.0010000000000000009
Crawford, Brandon,543063,2022,383,260,0.226,0.213,0.013000000000000012,0.346,0.339,0.006999999999999951,0.289,0.283,0.006000000000000005
Buxton, Byron,621439,2022,382,225,0.224,0.242,-0.017999999999999988,0.526,0.509,0.017000000000000015,0.356,0.358,-0.0020000000000000018
Vázquez, Christian,543877,2022,382,299,0.28,0.27,0.010000000000000009,0.404,0.384,0.020000000000000018,0.319,0.311,0.008000000000000007
Chavis, Michael,656308,2022,381,250,0.236,0.221,0.014999999999999986,0.408,0.349,0.059,0.29,0.265,0.024999999999999967
Stanton, Giancarlo,519317,2022,378,232,0.216,0.253,-0.037000000000000005,0.458,0.49,-0.03199999999999997,0.325,0.36,-0.034999999999999976
Rutschman, Adley,668939,2022,376,254,0.252,0.253,-0.0010000000000000009,0.443,0.428,0.015000000000000013,0.352,0.349,0.0030000000000000027
Harrison, Josh,543281,2022,376,282,0.252,0.23,0.021999999999999992,0.364,0.327,0.03699999999999998,0.302,0.28,0.021999999999999964
Votto, Joey,458015,2022,376,225,0.205,0.218,-0.013000000000000012,0.37,0.39,-0.020000000000000018,0.31,0.323,-0.013000000000000012
Gamel, Ben,592325,2022,372,245,0.234,0.251,-0.016999999999999987,0.374,0.377,-0.0030000000000000027,0.308,0.318,-0.010000000000000009
Pederson, Joc,592626,2022,372,246,0.269,0.273,-0.0040000000000000036,0.526,0.52,0.006000000000000005,0.373,0.376,-0.0030000000000000027
O'Neill, Tyler,641933,2022,368,230,0.227,0.244,-0.016999999999999987,0.386,0.426,-0.03999999999999998,0.305,0.333,-0.028000000000000025
Choi, Ji-Man,596847,2022,366,205,0.228,0.226,0.0020000000000000018,0.37,0.387,-0.017000000000000015,0.313,0.324,-0.01100000000000001
Ruf, Darin,573131,2022,365,219,0.207,0.22,-0.013000000000000012,0.35,0.381,-0.031000000000000028,0.297,0.314,-0.017000000000000015
Morel, Christopher,666624,2022,364,217,0.244,0.234,0.009999999999999981,0.436,0.428,0.008000000000000007,0.324,0.319,0.0050000000000000044
Ortega, Rafael,542364,2022,364,244,0.23,0.237,-0.0069999999999999785,0.34,0.338,0.0020000000000000018,0.295,0.304,-0.009000000000000008
Castro, Willi,650489,2022,363,269,0.243,0.265,-0.02200000000000002,0.355,0.34,0.014999999999999958,0.282,0.293,-0.01100000000000001
Laureano, Ramón,657656,2022,363,230,0.214,0.218,-0.0040000000000000036,0.376,0.4,-0.02400000000000002,0.297,0.308,-0.01100000000000001
d'Arnaud, Travis,518595,2022,361,257,0.263,0.243,0.020000000000000018,0.479,0.406,0.07299999999999995,0.345,0.311,0.033999999999999975
Raleigh, Cal,663728,2022,361,225,0.207,0.213,-0.006000000000000005,0.483,0.45,0.032999999999999974,0.325,0.318,0.007000000000000006
García, Avisaíl,541645,2022,359,239,0.23,0.233,-0.0030000000000000027,0.316,0.362,-0.045999999999999985,0.259,0.279,-0.020000000000000018
Ramírez, Harold,623912,2022,357,278,0.319,0.288,0.031000000000000028,0.426,0.394,0.03199999999999997,0.344,0.321,0.022999999999999965
Tapia, Raimel,606132,2022,355,275,0.262,0.258,0.0040000000000000036,0.372,0.373,-0.0010000000000000009,0.289,0.289,0
Gordon, Nick,624503,2022,355,246,0.277,0.265,0.01200000000000001,0.427,0.476,-0.04899999999999999,0.325,0.339,-0.014000000000000012
Taylor, Tyrone,621438,2022,352,234,0.225,0.234,-0.009000000000000008,0.441,0.411,0.030000000000000027,0.312,0.307,0.0050000000000000044
Gallo, Joey,608336,2022,352,163,0.166,0.172,-0.005999999999999978,0.362,0.382,-0.020000000000000018,0.291,0.301,-0.010000000000000009
Harris II, Michael,671739,2022,351,244,0.309,0.277,0.03199999999999997,0.539,0.482,0.05700000000000005,0.382,0.348,0.03400000000000003
Anderson, Tim,641313,2022,351,277,0.301,0.302,-0.0010000000000000009,0.395,0.438,-0.04299999999999998,0.323,0.341,-0.018000000000000016
Moncada, Yoán,660162,2022,350,225,0.208,0.214,-0.006000000000000005,0.336,0.354,-0.01799999999999996,0.271,0.283,-0.011999999999999955
Robles, Victor,645302,2022,349,236,0.224,0.2,0.023999999999999994,0.304,0.273,0.030999999999999972,0.264,0.244,0.020000000000000018
Sheets, Gavin,657757,2022,349,254,0.245,0.231,0.013999999999999985,0.414,0.366,0.04799999999999999,0.311,0.29,0.02100000000000002
McCormick, Chas,676801,2022,345,216,0.236,0.229,0.0069999999999999785,0.413,0.428,-0.015000000000000013,0.323,0.327,-0.0040000000000000036
Nola, Austin,543592,2022,345,253,0.243,0.256,-0.013000000000000012,0.31,0.351,-0.04099999999999998,0.283,0.307,-0.02400000000000002
India, Jonathan,663697,2022,345,239,0.266,0.238,0.028000000000000025,0.42,0.353,0.067,0.332,0.297,0.03500000000000003
Velazquez, Andrew,623205,2022,341,207,0.194,0.202,-0.008000000000000007,0.296,0.312,-0.016000000000000014,0.236,0.247,-0.01100000000000001
Dalbec, Bobby,666915,2022,340,195,0.211,0.214,-0.0030000000000000027,0.362,0.373,-0.01100000000000001,0.284,0.294,-0.010000000000000009
Stallings, Jacob,607732,2022,338,234,0.221,0.219,0.0020000000000000018,0.296,0.312,-0.016000000000000014,0.264,0.27,-0.006000000000000005
Stassi, Max,545358,2022,338,201,0.184,0.184,0,0.304,0.333,-0.029000000000000026,0.263,0.274,-0.01100000000000001
Bradley Jr., Jackie,598265,2022,337,246,0.207,0.226,-0.019000000000000017,0.315,0.336,-0.02100000000000002,0.253,0.271,-0.018000000000000016
Pinder, Chad,640461,2022,336,219,0.231,0.234,-0.0030000000000000027,0.384,0.388,-0.0040000000000000036,0.278,0.282,-0.003999999999999948
Maldonado, Martín,455117,2022,333,204,0.173,0.179,-0.006000000000000005,0.332,0.317,0.015000000000000013,0.253,0.252,0.0010000000000000009
Harper, Bryce,547180,2022,330,226,0.309,0.303,0.006000000000000005,0.566,0.561,0.004999999999999893,0.4,0.401,-0.0010000000000000009
Hernandez, Yadiel,628450,2022,327,233,0.269,0.244,0.025000000000000022,0.41,0.407,0.0030000000000000027,0.315,0.31,0.0050000000000000044
Torkelson, Spencer,679529,2022,327,209,0.208,0.226,-0.018000000000000016,0.319,0.367,-0.04799999999999999,0.278,0.305,-0.02699999999999997
Díaz, Elias,553869,2022,327,236,0.233,0.225,0.008000000000000007,0.393,0.352,0.041000000000000036,0.299,0.283,0.016000000000000014
Daza, Yonathan,602074,2022,325,259,0.304,0.291,0.013000000000000012,0.389,0.368,0.02100000000000002,0.327,0.319,0.008000000000000007
Sánchez, Jesús,660821,2022,325,212,0.205,0.224,-0.019000000000000017,0.387,0.38,0.007000000000000006,0.288,0.295,-0.007000000000000006
Wendle, Joey,621563,2022,325,265,0.252,0.245,0.007000000000000006,0.354,0.329,0.024999999999999967,0.285,0.275,0.009999999999999953
Hernández, Enrique,571771,2022,322,238,0.226,0.238,-0.011999999999999983,0.36,0.362,-0.0020000000000000018,0.284,0.294,-0.010000000000000009
Greene, Riley,682985,2022,321,201,0.256,0.248,0.008000000000000007,0.379,0.389,-0.010000000000000009,0.307,0.311,-0.0040000000000000036
González, Luis,670768,2022,321,225,0.25,0.218,0.032,0.363,0.31,0.05299999999999999,0.301,0.272,0.02899999999999997
Grandal, Yasmani,518735,2022,319,211,0.204,0.217,-0.013000000000000012,0.269,0.318,-0.04899999999999999,0.267,0.293,-0.025999999999999968
Rivera, Emmanuel,656896,2022,319,220,0.235,0.239,-0.0040000000000000036,0.42,0.425,-0.0050000000000000044,0.313,0.318,-0.0050000000000000044
Duvall, Adam,594807,2022,315,188,0.213,0.209,0.0040000000000000036,0.401,0.395,0.006000000000000005,0.295,0.294,0.0010000000000000009
Garcia, Leury,544725,2022,311,237,0.213,0.232,-0.019000000000000017,0.27,0.324,-0.05399999999999999,0.224,0.257,-0.033
Berti, Jon,542932,2022,310,205,0.254,0.24,0.014000000000000012,0.357,0.371,-0.014000000000000012,0.314,0.316,-0.0020000000000000018
Paredes, Isaac,670623,2022,309,220,0.212,0.213,-0.0010000000000000009,0.456,0.356,0.10000000000000003,0.325,0.293,0.03200000000000003
Trevino, Jose,624431,2022,307,240,0.254,0.235,0.019000000000000017,0.399,0.358,0.041000000000000036,0.3,0.277,0.022999999999999965
Soler, Jorge,624585,2022,306,181,0.207,0.226,-0.019000000000000017,0.4,0.421,-0.020999999999999963,0.305,0.322,-0.017000000000000015
Segura, Jean,516416,2022,305,237,0.282,0.257,0.024999999999999967,0.407,0.367,0.03999999999999998,0.327,0.304,0.02300000000000002
Toro, Abraham,647351,2022,305,232,0.182,0.226,-0.04400000000000001,0.325,0.372,-0.046999999999999986,0.247,0.286,-0.03899999999999998
Anderson, Brian,605119,2022,304,183,0.222,0.232,-0.010000000000000009,0.346,0.385,-0.039000000000000035,0.295,0.315,-0.020000000000000018
Gorman, Nolan,669357,2022,302,177,0.233,0.242,-0.00899999999999998,0.433,0.484,-0.05099999999999999,0.32,0.343,-0.02300000000000002
Contreras, William,661388,2022,299,187,0.27,0.243,0.027000000000000024,0.509,0.478,0.031000000000000028,0.367,0.345,0.02200000000000002
Belt, Brandon,474832,2022,298,174,0.213,0.215,-0.0020000000000000018,0.35,0.412,-0.062,0.303,0.326,-0.02300000000000002
Davis, J.D.,605204,2022,297,160,0.236,0.237,-0.0010000000000000009,0.388,0.45,-0.062,0.318,0.343,-0.025000000000000022
Haase, Eric,606992,2022,297,192,0.253,0.24,0.013000000000000012,0.447,0.407,0.040000000000000036,0.324,0.306,0.018000000000000016
García, Luis,671277,2022,296,226,0.29,0.266,0.023999999999999966,0.427,0.423,0.0040000000000000036,0.314,0.312,0.0020000000000000018
Vierling, Matt,663837,2022,295,210,0.232,0.272,-0.04000000000000001,0.326,0.4,-0.07400000000000001,0.275,0.326,-0.05099999999999999
Schwindel, Frank,643524,2022,292,215,0.229,0.23,-0.0010000000000000009,0.358,0.351,0.007000000000000006,0.278,0.279,-0.0010000000000000009